accuracy,f1
0.32663316582914576,0.34037449087118826
