accuracy,f1
0.6968174204355109,0.6954468099815271
