accuracy,f1
0.4321608040201005,0.42947089452354914
