accuracy,f1
0.21775544388609716,0.19841886455087365
