accuracy,f1
0.6817420435510888,0.6778116423525394
