accuracy,f1
0.048576214405360134,0.017307535131334147
