accuracy,f1
0.46733668341708545,0.4578488251165397
