accuracy,f1
0.4489112227805695,0.441151458458965
